model_type,train_acc,val_acc,test_acc
decision-tree,1.0,0.75,0.7531512605042017
logistic-regression,0.8823529411764706,0.75,0.7373949579831933
knn,1.0,0.75,0.7426470588235294
cnn,0.9911764860153198,0.7425000071525574,0.950630247592926
