model_type,train_acc,val_acc,test_acc
decision-tree,0.3607843137254902,0.265625,0.3985507246376811
logistic-regression,0.2823529411764706,0.28125,0.4202898550724637
knn,1.0,0.75,0.7246376811594203
cnn,0.8551764488220215,0.8006250262260437,0.6304348111152649
