model_type,train_acc,val_acc,test_acc
decision-tree,0.4078431372549019,0.25,0.4313725490196078
logistic-regression,0.2941176470588235,0.265625,0.5947712418300654
knn,1.0,0.78125,0.5163398692810458
cnn,0.847529411315918,0.824999988079071,0.9346405267715454
