model_type,train_acc,val_acc,test_acc
decision-tree,1.0,0.4548611111111111,0.5134189031505251
logistic-regression,0.6924413553431799,0.6597222222222222,0.6569428238039673
knn,1.0,0.6354166666666666,0.6977829638273045
cnn,0.9759426712989807,0.9803993105888367,1.0
