model_type,train_acc,val_acc,test_acc
cnn,tensor(0.7848),tensor(0.7682),tensor(0.6371)
decision-tree,1.0,0.4548611111111111,0.5134189031505251
logistic-regression,0.6924413553431799,0.6597222222222222,0.6569428238039673
knn,1.0,0.6354166666666666,0.6977829638273045
