model_type,train_acc,val_acc,test_acc
decision-tree,1.0,0.9523809523809524,0.9142857142857144
logistic-regression,0.9418604651162792,0.8095238095238095,0.9428571428571428
knn,1.0,1.0,0.8412698412698413
cnn,0.9677907228469848,0.9080952405929564,0.8063492178916931
miniRocket,1.0,1.0,1.0
