model_type,train_acc,val_acc,test_acc
decision-tree,0.1508379888268156,0.0898876404494382,0.0911782119597394
logistic-regression,0.1396648044692737,0.0898876404494382,0.1077560686796921
knn,1.0,0.8426966292134831,0.2427471876850207
cnn,0.8925977945327759,0.829550564289093,0.0645352303981781
cnn,0.9002793431282043,0.8498876690864563,0.047365304082632065
