model_type,train_acc,val_acc,test_acc
decision-tree,1.0,1.0,0.9968152866242038
logistic-regression,1.0,1.0,1.0
knn,1.0,1.0,1.0
cnn,0.98883718252182,0.9918181896209716,1.0
miniRocket,1.0,0.9545454545454546,0.9681528662420382
