model_type,train_acc,val_acc,test_acc
cnn,tensor(0.),tensor(0.),tensor(0.)
decision-tree,0.08508790970262643,0.057291666666666664,0.06869456515268765
logistic-regression,0.07640546993705231,0.0703125,0.07679028513602
knn,1.0,0.3793402777777778,0.4757426037264123
