model_type,train_acc,val_acc,test_acc
decision-tree,0.0682730923694779,0.0161290322580645,0.0333333333333333
logistic-regression,0.0682730923694779,0.032258064516129,0.0512820512820513
knn,1.0,0.0645161290322581,0.105128205128205
cnn,0.5623694658279419,0.030483871698379517,0.4769230782985687
