model_type,train_acc,val_acc,test_acc
logistic-regression,0.85,0.7,0.814285714285714
cnn,0.986000001430511,0.962254881858825,0.970954358577728
decision-tree,1.0,0.990196078431372,0.95850622406639
knn,1.0,0.7666666666666667,0.7857142857142857
