model_type,train_acc,val_acc,test_acc
logistic-regression,0.85,0.7,0.814285714285714
decision-tree,1.0,0.990196078431372,0.95850622406639
knn,1.0,0.7666666666666667,0.7857142857142857
cnn,0.9703999757766724,0.8033333420753479,0.8571428656578064
