model_type,train_acc,val_acc,test_acc
miniRocket,1.0,0.6666666666666666,0.9048760991207034
