model_type,train_acc,val_acc,test_acc
decision-tree,0.6842105263157895,0.5,0.5771812080536913
logistic-regression,0.6210526315789474,0.5,0.4966442953020134
knn,1.0,0.875,0.8791946308724832
cnn,0.99210524559021,0.9945833086967468,0.9597315192222596
miniRocket,1.0,1.0,0.9530201342281879
