model_type,train_acc,val_acc,test_acc
decision-tree,1.0,0.7619047619047619,0.7714285714285715
logistic-regression,0.9302325581395348,0.7142857142857143,0.8825396825396825
knn,1.0,0.8571428571428571,0.7746031746031746
cnn,0.8179069757461548,0.6538095474243164,0.4666666686534881
miniRocket,1.0,1.0,0.9968253968253968
