model_type,train_acc,val_acc,test_acc
decision-tree,1.0,0.45,0.9096219373681648
logistic-regression,0.92018779342723,0.94375,0.907188057764076
knn,1.0,0.64375,0.9032938503975336
cnn,0.9064475893974304,0.9290624856948853,0.8920980095863342
