model_type,train_acc,val_acc,test_acc
decision-tree,1.0,0.8733766233766234,0.6255201109570042
logistic-regression,0.9701492537313432,0.961038961038961,0.9639389736477116
knn,1.0,0.905844155844156,0.8210818307905686
cnn,0.9877611994743347,0.9716883301734924,0.8474341034889221
