model_type,train_acc,val_acc,test_acc
cnn,tensor(0.0020),tensor(0.0021),tensor(0.0357)
decision-tree,0.3385854341736695,0.23319327731092437,0.25343709468223086
logistic-regression,0.25700280112044815,0.23319327731092437,0.25395590142671853
knn,0.9868697478991597,0.2850140056022409,0.1701686121919585
