model_type,train_acc,val_acc,test_acc
decision-tree,1.0,0.5,0.8209302325581396
logistic-regression,0.6428571428571429,0.5,0.5372093023255814
knn,1.0,0.5,0.608139534883721
cnn,0.9828571677207947,0.7400000095367432,0.5023255944252014
