model_type,train_acc,val_acc,test_acc
decision-tree,0.9404388714733544,0.35,0.8515225605690153
logistic-regression,0.9373040752351096,0.9,0.9184263169593244
knn,1.0,0.875,0.644143142920649
cnn,0.9392476677894592,0.9103749990463257,0.5821293592453003
