model_type,train_acc,val_acc,test_acc
cnn,tensor(0.0020),tensor(0.),tensor(0.)
decision-tree,0.9404388714733543,0.35,0.8515225605690153
logistic-regression,0.9373040752351097,0.9,0.9184263169593243
knn,1.0,0.875,0.644143142920649
