model_type,train_acc,val_acc,test_acc
cnn,0.7553,0.6765,0.4276
decision-tree,1.0,0.5833333333333334,0.6689655172413793
logistic-regression,0.6814621409921671,0.625,0.593103448275862
