model_type,train_acc,val_acc,test_acc
decision-tree,1.0,0.5833333333333334,0.6689655172413793
logistic-regression,0.6814621409921671,0.625,0.593103448275862
cnn,0.9403133392333984,0.9771875143051147,1.0
cnn,0.9227415323257446,0.964062511920929,1.0
miniRocket,1.0,0.8229166666666666,0.8275862068965517
