model_type,train_acc,val_acc,test_acc
logistic-regression,0.9,0.862745098039216,0.883817427385892
cnn,0.986000001430511,0.962254881858825,0.970954358577728
decision-tree,1,0.990196078431372,0.95850622406639
