dataset,model,os,rdp,vc,bu
ChinatownTEST_normalized,cnn_norm.pth,1.81532965,0.2348289,0.01560342,0.12857234
ChinatownTEST_normalized,knn_norm.pkl,1.81404963,0.23292193,0.01383665,0.12757566
ECG200TEST_normalized,logistic-regression_norm.pkl,25.227748230000003,0.33455882,0.01198203,0.17951351
ECG200TEST_normalized,knn_norm.pkl,25.232956020000007,0.3324342999999999,0.01198141,0.18010636
ItalyPowerDemandTEST_normalized,knn_norm.pkl,5.40061994,0.63169524,0.04520642,0.38179718
