model_type,train_acc,val_acc,test_acc
decision-tree,0.3455497382198952,0.1666666666666666,0.2809364548494983
logistic-regression,0.3350785340314136,0.1875,0.2374581939799331
knn,1.0,1.0,0.9665551839464884
cnn,0.9831936955451965,0.9697916507720947,0.9732441306114197
