model_type,train_acc,val_acc,test_acc
decision-tree,1.0,0.3645833333333333,0.5527272727272727
logistic-regression,0.7154046997389034,0.75,0.6618181818181819
knn,1.0,0.8333333333333334,0.6909090909090909
cnn,0.9287728667259216,0.9353125095367432,0.9890909194946288
miniRocket,0.9947780678851175,0.90625,0.7709090909090909
