model_type,train_acc,val_acc,test_acc
cnn,0.,0.,0.
decision-tree,0.13991769547325103,0.03278688524590164,0.09881422924901186
logistic-regression,0.05761316872427984,0.03278688524590164,0.06587615283267458
knn,1.0,0.13114754098360656,0.619235836627141
