model_type,train_acc,val_acc,test_acc
decision-tree,0.2575757575757575,0.1764705882352941,0.2788461538461538
logistic-regression,0.2424242424242424,0.1764705882352941,0.2884615384615384
knn,1.0,0.4117647058823529,0.9903846153846154
cnn,0.9490908980369568,0.3694117665290832,1.0
miniRocket,1.0,0.4117647058823529,1.0
