model_type,train_acc,val_acc,test_acc
decision-tree,0.0944881889763779,0.09375,0.0829673011224987
logistic-regression,0.0708661417322834,0.125,0.0907759882869692
knn,1.0,0.0625,0.6827720839433871
cnn,0.8906299471855164,0.1003125011920929,0.3001464009284973
