model_type,train_acc,val_acc,test_acc
cnn,0.9494,0.7837,0.
decision-tree,1.0,0.75,0.5637583892617449
logistic-regression,0.9032258064516129,0.5,0.7516778523489933
knn,1.0,0.25,0.6845637583892618
